{"Acgd4Uzvezw":[39.119],"BIdPhib4O9s":[5.129],"GgICI7TNIEQ":[4.469],"iYhd3zbCbzI":[3.299],"MgamLkNHSVs":[112.969],"P1zLb8egvao":[579.58],"q-KUzDVwPe4":[32.118],"S_ZTPJqNSaE":[0.16],"tErlG8OXC3I":[31.368],"UL-m2BdlsBo":[59.89],"vBeo4EUdoAg":[10],"VR-TLl_sOK4":[0.03,600.458],"zBu9bz87NCM":[142.36],"-BjZIzagevE":[6.419,71.67,581.299],"-Qx1cuxOubo":[2.428],"0_RZby28s9E":[2.399,665.07],"1V1O2gTdqHw":[13.849,79.159],"1yig3MFAAOk":[14.099],"2EsTqlDzAbs":[1.9489999999999998,493.649],"6aEnmelWAxQ":[8.49,718.62],"6kl36JFaYW0":[3.359,9.839],"6ogOQOyvNz0":[20.719],"768muOIoytQ":[424.24],"7m42J4_z9I8":[14.58],"7oMFsLP_0GY":[2.25,580.23],"9HSFDn7bDEU":[3.658],"an6XX4R4Mn0":[0.24],"AQdd77Ps0P0":[52.89],"AXwNeqfQodg":[8.279,610.62],"BJc0mRX2K9E":[741.399,805.09],"bP0MSDKvWPY":[8.13],"c9PoYOH8iQU":[3.919,74.4],"cNzAxcTqdAs":[3.12,821.839],"ckL99tP_O4M":[28.17],"D6fK53gHVsQ":[3.279],"DY0ekRZKtm4":[1.76],"DyFAo1ZGyf0":[0.24,526.879],"ec4wV6wBnTw":[0],"EcpAjicc8a0":[6.12],"Eu_g-fTKyf8":[17.44],"fPZuOOnMpH8":[0.08],"fTgKbQ7KeU8":[6.059,624.519],"G6lu2xlowFg":[5.58,421.718],"HavZVLMEuMY":[3,52.02],"HnEFQxRogFc":[5.04],"icVqvRXOhZA":[10.289,1027.069],"IIZa24nm-oQ":[7.12],"IP1fKQswm1A":[7.759,27.439],"IS8Fe75zEfM":[0,586.869],"IyWQywTEPPc":[37.939],"jCNxGc0Lv1s":[11.789,587.95],"jLxqcetpKZQ":[17.16,703.159],"JRA9uM-rZRk":[2.04],"Juck9Cz77nE":[16.399],"KcqgviRdWa0":[21.899,578.87],"KGDn5_6caz0":[16.618],"kJQRRzV10yM":[8.88],"KK3Qvrow1No":[593.919],"KmXTDa9POM0":[15.99,1218.22,1247.74],"ksS00MCQPog":[0.03],"LPcPUwL6MjQ":[5.4],"mTZLWHtip24":[2.759],"No5SugTgIeg":[28.439],"Nt9yRKv7j1A":[16.559],"NTH8cvx8sGg":[0.03,391.62],"OcRJeeGZ61M":[3.439],"oEvnDKvoXDM":[25.278],"OG8aTcZlyds":[0,329.978],"OQafhKmxk9E":[889.619],"ortXHFV4iVo":[3.839],"Otrw1nDpNb0":[469.959,580.208],"owE-rPWrVGs":[22.32,250.65],"pFlc_jizgl0":[14.46],"PoEewcn1uTg":[0.03],"PVa3Qh5pUCo":[0.24],"r1xmha8CbIw":[0.03],"qZdvZOYlhPc":[3.759],"sYsUbEmHTeU":[5.2780000000000005],"szsoCzHB6E0":[12.3],"T2H527m60bQ":[7.318],"tKqsoXGBADM":[9.96,734.21],"TnJC40uXj_4":[54.509],"UM2KUbOJI1U":[21.6],"vtuSXLM8TQE":[0.03],"w4sUqKOg45Q":[696.818],"WbPpuebX9aA":[62.28],"wGKyvZlTfZk":[935.759],"WQAltp9Epyc":[18.359,818.35],"xeI3x1PhV8Y":[0.03,567.419],"xKJKK-7MN5Y":[76.109],"y--Bq1EAFWs":[45.75,347.038],"Y9bF_i7vO5Y":[0.03,160.989,794.5],"YIlsR2Dv0Uw":[584.639],"ynmPcjgEJEk":[2.7199999999999998,524.799],"Z5UCfRs-Iy8":[3.6],"Ze9a-I-kFt4":[0.16],"zV4bq1aG7TI":[0.03],"e3Tvi5yD8Yk":[16.48],"qGmXxaeA600":[36.719],"wG6uaHAJyAc":[0,1340.22],"bFxLyZcVezI":[5.73],"eZ7EOgcainc":[17.859,442.18,1620.93],"qeKvEdtjAKI":[6.719],"38TvUpHeoJM":[6.24],"h6mjo9-_CJ4":[8.91,209.519,909.899,2490.179],"IdeVvQ30obM":[9.269],"ydxDp4YJH3Y":[9.96],"ZRdRz7WpEqc":[5.2780000000000005,174.55,377.449],"9QEVVMVAWls":[9.63,1815.22,2871.079],"A1l7dOv5VCE":[1280.7],"ckiAyXECvr4":[11.218,3160.599,3357.849,4167],"gNStcEuN7LA":[24.75],"iDvDlad-zgE":[10.199,920.629,1881,4485.158],"l9m9Dp0P4Z8":[4.679,1522.17],"m5AXmv3H2mI":[8.4,833.669,1110.038],"WKtTiock9GU":[5.2780000000000005,1200.788,1983.539],"yvM4mKbZrT4":[6.45,1298.849,2950.4],"z3Cg1EgEzp4":[9.058,154.34,3383.42],"EC3Zwwv1QqY":[5.73,40.35],"lLZ899yv4HY":[9.57,917.7],"lPgCCuvBtkM":[584.639],"QRR6OldxUQI":[5.068],"0q6GDq6bkcg":[1614.099,5116.13],"2w-_csI8hy4":[5.2780000000000005,1830.98,3073.3,4773.738],"9NYHXhQehUQ":[12.058],"fp_xHe_4xVo":[5.639,489.149,3960.61,5907.689],"lsTLq619QkI":[12.75,788.83,1290.429,4911.578],"RiZj0ke52h8":[1086.679],"XU60cWX3kJA":[669.909],"_uwY3sJCH-E":[5.9399999999999995,1157.839,3488.17],"fwlgJG2F2aU":[15.419,661.458],"T-YfPc4AjSM":[8.638,397.68,3609.13],"ao9aInY3ugI":[8.419,6476.369],"B5o9zLcLVWU":[10.468,2001.398,7012.369],"eNGeU25_P60":[13.41,403.639],"nXdKKzGG_DU":[5.849],"Qvyqu5LYYLA":[1673.538,5624.399],"bxdw27xwekQ":[9.138,1358.298,3229.92],"CG8vj1590Vo":[10192.398],"UEaMxSPSjTY":[2280.159,3085.679,6138.198,6614.399,6893.359],"ZwoPN318bOY":[17.469,833.509,996.328,2651.409,7264.84],"9A5-VLGCiiY":[472.459,1316.369,7353.019],"1fd9NB96OV8":[1145.729,5213.71,5622.31,8469.359]}